구분,곡명,연주자,장소
No 1.,01. Duo in G,"베키짱, 베리짱, 쿠르짱, 로나짱, 택건뷰짱, 유니뀨짱",창녕
No 1.,02. Fly to the moon,"베키짱(노래), 베리짱, 쿠르짱, 로나짱, 택원, 유니뀨짱",
No 1.,03. Put your heads on my shoulder.,"베키짱(노래), 베리짱, 쿠르짱, 로나짱(노래), 택원, 유니뀨짱",
No 2.,01. (중주) Beloved ,"베리짱, 쿠르짱",고덕우갤러리(2025)
No 2.,02. (중주) Cavatina ,"베키짱, 로나짱",
No 2.,     관객과 시 낭송 이벤트(나태주),유니뀨짱,
No 2.,03. (노래) Misty , 유니뀨짱 베키짱,
No 2.,04. (노래) 너를 사랑해 , 로나짱,
No 2.,05. (중주) 05.Besame mucho ," 로나짱, 유니뀨짱",
No 2.,06. (독주) Autumn Leaves , 유니뀨짱,
No 2.,07. (낭송) Preludio Triston+곰스크로 가는 기차 ," 민철, 로나짱",
No 2.,08. (노래) 사랑 그 쓸쓸함에 관하여 ,"베키짱, 유니뀨짱",
No 2.,09. (합주) Romance D'Amour,"베키짱, 베리짱, 쿠르짱, 로나짱,  유니뀨짱",
No 2.,10. (합주) 알함브라 궁전의 추억 ,"베키짱, 베리짱, 쿠르짱, 로나짱,  유니뀨짱",
No 2.,(앵콜) Fly me to the moon ,"베키짱(노래), 베리짱, 쿠르짱, 로나짱,  유니뀨짱",
No 3.,01. (중주) Beloved ,"베리짱, 쿠르짱",꿈꾸는공작소(2025)
No 3.,02. (중주) Cavatina ,"베키짱, 로나짱",
No 3.,03. (노래) Misty , 유니뀨짱 베키짱,
No 3.,04. (노래) 너를 사랑해 , 로나짱,
No 3.,05. (중주) 05.Besame mucho ," 로나짱, 유니뀨짱",
No 3.,06. (독주) Autumn Leaves , 유니뀨짱,
No 3.,07. (낭송) Preludio Triston+곰스크로 가는 기차 ," 민철, 로나짱",
No 3.,08. (노래) 사랑 그 쓸쓸함에 관하여 ,"베키짱, 유니뀨짱",
No 3.,09. (합주) Romance D'Amour,"베키짱, 베리짱, 쿠르짱, 로나짱,  유니뀨짱",
No 3.,10. (합주) 알함브라 궁전의 추억 ,"베키짱, 베리짱, 쿠르짱, 로나짱,  유니뀨짱",
No 3.,(앵콜) Fly me to the moon ,"5중주, 베키짱",
No 4.,"Gently, by your side(곁에 있어도 될까요)","베키짱(노래), 베리짱, 쿠르짱, 로나짱,  유니뀨짱",고덕우갤러리(2026)
No 4.,Valse des loges,유니뀨짱,
No 4.,Melodia de uma Noite,로나짱,
No 4.,Romance No.1,"로나짱, 유니뀨짱",
No 4.,잊어야 한다는 마음으로,"민철, 베키짱",
No 4.,안개,"베리짱, 유니뀨짱",
No 4.,Manh? de Carnaval,"베리짱,쿠르짱,금주",
No 4.,(낭독) 어린왕자 + Canzone d’Amore ,"민철, 베키짱",
No 4.,어느 산골소년의 사랑이야기,로나짱,
No 4.,Trot Medley,"베리짱, 쿠르짱, 로나짱,  유니뀨짱, 금주",
No 4.,우리는,전체,
